dvc[000];dvc[001];dvc[002];dvc[003];dvc[004];dvc[005];dvc[006];dvc[007];dvc[008];dvc[009];dvc[010];dvc[011];dvc[012];dvc[013];dvc[014];dvc[015];dvc[016];dvc[017];dvc[018];dvc[019];dvc[020];dvc[021];dvc[022];dvc[023];dvc[024];dvc[025];dvc[026];dvc[027];dvc[028];dvc[029];dvc[030];dvc[031];dvc[032];dvc[033];dvc[034];dvc[035];dvc[036];dvc[037];dvc[038];dvc[039];dvc[040];dvc[041];dvc[042];dvc[043];dvc[044];dvc[045];dvc[046];dvc[047];dvc[048];dvc[049];dvc[050];dvc[051];dvc[052];dvc[053];dvc[054];dvc[055];dvc[056];dvc[057];dvc[058];dvc[059];dvc[060];dvc[061];dvc[062];dvc[063];dvc[064];dvc[065];dvc[066];dvc[067];dvc[068];dvc[069];dvc[070];dvc[071];dvc[072];dvc[073];dvc[074];dvc[075];dvc[076];dvc[077];dvc[078];dvc[079];dvc[080];dvc[081];dvc[082];dvc[083];dvc[084];dvc[085];dvc[086];dvc[087];dvc[088];dvc[089];dvc[090];dvc[091];dvc[092];dvc[093];dvc[094];dvc[095];dvc[096];dvc[097];dvc[098];dvc[099];dvc[100];dvc[101];dvc[102];dvc[103];dvc[104];dvc[105];dvc[106];dvc[107];dvc[108];dvc[109];dvc[110];dvc[111];dvc[112];dvc[113];dvc[114];dvc[115];dvc[116];dvc[117];dvc[118];dvc[119];dvc[120];dvc[121];dvc[122];dvc[123];dvc[124];dvc[125];dvc[126];dvc[127]
150;150;150;150;150;150;150;150;150;150;0;0;0;0;0;0;0;0;0;0;0;0;0;0;0;0;0;0;0;0;0;0;0;0;0;0;0;0;0;0;0;0;0;0;0;0;0;0;0;0;0;0;0;0;0;0;0;0;0;0;0;0;0;0;0;0;0;0;0;0;0;0;0;0;0;0;0;0;0;0;0;0;0;0;0;0;0;0;0;0;0;0;0;0;0;0;0;0;0;0;0;0;0;0;0;0;0;0;0;0;0;0;0;0;0;0;0;0;0;0;0;0;0;0;0;0;0;0
10;56;79;97;112;125;138;149;151;151;151;151;151;151;151;151;151;151;151;151;151;151;151;151;151;151;151;151;151;151;151;151;151;151;151;151;151;151;151;151;151;151;151;151;151;151;151;151;151;151;151;151;151;151;151;151;151;151;151;151;151;151;151;151;151;151;151;151;151;151;151;151;151;151;151;151;151;151;151;151;151;151;151;151;151;151;151;151;151;151;151;151;151;151;151;151;151;151;151;151;151;151;151;151;151;151;151;151;151;151;151;151;151;151;151;151;151;151;151;151;151;151;151;151;151;151;151;151
7;40;56;68;79;88;97;104;112;119;125;131;137;143;149;151;151;151;151;151;151;151;151;151;151;151;151;151;151;151;151;151;151;151;151;151;151;151;151;151;151;151;151;151;151;151;151;151;151;151;151;151;151;151;151;151;151;151;151;151;151;151;151;151;151;151;151;151;151;151;151;151;151;151;151;151;151;151;151;151;151;151;151;151;151;151;151;151;151;151;151;151;151;151;151;151;151;151;151;151;151;151;151;151;151;151;151;151;151;151;151;151;151;151;151;151;151;151;151;151;151;151;151;151;151;151;151;151
6;33;46;56;64;72;79;85;91;96;102;107;112;116;121;125;129;133;137;141;145;149;151;151;151;151;151;151;151;151;151;151;151;151;151;151;151;151;151;151;151;151;151;151;151;151;151;151;151;151;151;151;151;151;151;151;151;151;151;151;151;151;151;151;151;151;151;151;151;151;151;151;151;151;151;151;151;151;151;151;151;151;151;151;151;151;151;151;151;151;151;151;151;151;151;151;151;151;151;151;151;151;151;151;151;151;151;151;151;151;151;151;151;151;151;151;151;151;151;151;151;151;151;151;151;151;151;151
5;28;40;48;56;62;68;74;79;83;88;92;96;100;104;108;112;115;118;122;125;128;131;134;137;140;143;146;149;151;151;151;151;151;151;151;151;151;151;151;151;151;151;151;151;151;151;151;151;151;151;151;151;151;151;151;151;151;151;151;151;151;151;151;151;151;151;151;151;151;151;151;151;151;151;151;151;151;151;151;151;151;151;151;151;151;151;151;151;151;151;151;151;151;151;151;151;151;151;151;151;151;151;151;151;151;151;151;151;151;151;151;151;151;151;151;151;151;151;151;151;151;151;151;151;151;151;151
5;25;35;43;50;56;61;66;70;75;79;82;86;90;93;96;100;103;106;109;112;114;117;120;122;125;128;130;132;135;137;140;142;144;146;149;151;151;151;151;151;151;151;151;151;151;151;151;151;151;151;151;151;151;151;151;151;151;151;151;151;151;151;151;151;151;151;151;151;151;151;151;151;151;151;151;151;151;151;151;151;151;151;151;151;151;151;151;151;151;151;151;151;151;151;151;151;151;151;151;151;151;151;151;151;151;151;151;151;151;151;151;151;151;151;151;151;151;151;151;151;151;151;151;151;151;151;151
4;23;32;40;46;51;56;60;64;68;72;75;79;82;85;88;91;94;96;99;102;104;107;109;112;114;116;118;121;123;125;127;129;131;133;135;137;139;141;143;145;147;149;150;151;151;151;151;151;151;151;151;151;151;151;151;151;151;151;151;151;151;151;151;151;151;151;151;151;151;151;151;151;151;151;151;151;151;151;151;151;151;151;151;151;151;151;151;151;151;151;151;151;151;151;151;151;151;151;151;151;151;151;151;151;151;151;151;151;151;151;151;151;151;151;151;151;151;151;151;151;151;151;151;151;151;151;151
4;22;30;37;42;47;51;56;59;63;66;70;73;76;79;81;84;87;89;92;94;96;99;101;103;105;107;109;111;114;115;117;119;121;123;125;127;129;130;132;134;136;137;139;141;142;144;145;147;149;150;151;151;151;151;151;151;151;151;151;151;151;151;151;151;151;151;151;151;151;151;151;151;151;151;151;151;151;151;151;151;151;151;151;151;151;151;151;151;151;151;151;151;151;151;151;151;151;151;151;151;151;151;151;151;151;151;151;151;151;151;151;151;151;151;151;151;151;151;151;151;151;151;151;151;151;151;151
4;20;28;34;39;44;48;52;56;59;62;65;68;71;73;76;79;81;83;86;88;90;92;94;96;98;100;102;104;106;108;110;111;113;115;117;118;120;122;123;125;127;128;130;131;133;134;136;137;139;140;142;143;144;146;147;149;150;151;151;151;151;151;151;151;151;151;151;151;151;151;151;151;151;151;151;151;151;151;151;151;151;151;151;151;151;151;151;151;151;151;151;151;151;151;151;151;151;151;151;151;151;151;151;151;151;151;151;151;151;151;151;151;151;151;151;151;151;151;151;151;151;151;151;151;151;151;151
4;19;27;32;37;42;45;49;52;56;59;61;64;67;69;72;74;76;79;81;83;85;87;89;91;93;95;96;98;100;102;103;105;107;108;110;111;113;115;116;118;119;121;122;124;125;126;128;129;131;132;133;135;136;137;139;140;141;142;144;145;146;147;149;150;151;151;151;151;151;151;151;151;151;151;151;151;151;151;151;151;151;151;151;151;151;151;151;151;151;151;151;151;151;151;151;151;151;151;151;151;151;151;151;151;151;151;151;151;151;151;151;151;151;151;151;151;151;151;151;151;151;151;151;151;151;151;151
4;18;25;31;35;39;43;47;50;53;56;58;61;63;66;68;70;72;74;77;79;80;82;84;86;88;90;91;93;95;96;98;100;101;103;104;106;107;109;110;111;113;114;116;117;118;120;121;122;124;125;126;127;129;130;131;132;134;135;136;137;138;140;141;142;143;144;145;146;147;149;150;151;151;151;151;151;151;151;151;151;151;151;151;151;151;151;151;151;151;151;151;151;151;151;151;151;151;151;151;151;151;151;151;151;151;151;151;151;151;151;151;151;151;151;151;151;151;151;151;151;151;151;151;151;151;151;151
3;17;24;29;34;38;41;44;47;50;53;56;58;60;63;65;67;69;71;73;75;77;79;80;82;84;85;87;89;90;92;93;95;96;98;99;101;102;103;105;106;108;109;110;111;113;114;115;117;118;119;120;121;123;124;125;126;127;128;130;131;132;133;134;135;136;137;138;139;140;141;142;144;145;146;147;148;149;150;151;151;151;151;151;151;151;151;151;151;151;151;151;151;151;151;151;151;151;151;151;151;151;151;151;151;151;151;151;151;151;151;151;151;151;151;151;151;151;151;151;151;151;151;151;151;151;151;151
3;17;23;28;32;36;39;43;45;48;51;53;56;58;60;62;64;66;68;70;72;73;75;77;79;80;82;83;85;86;88;89;91;92;94;95;96;98;99;100;102;103;104;105;107;108;109;110;111;113;114;115;116;117;118;119;121;122;123;124;125;126;127;128;129;130;131;132;133;134;135;136;137;138;139;140;141;142;143;144;145;146;147;148;149;150;150;151;151;151;151;151;151;151;151;151;151;151;151;151;151;151;151;151;151;151;151;151;151;151;151;151;151;151;151;151;151;151;151;151;151;151;151;151;151;151;151;151
3;16;22;27;31;35;38;41;44;46;49;51;53;56;58;60;62;63;65;67;69;71;72;74;75;77;79;80;81;83;84;86;87;89;90;91;92;94;95;96;98;99;100;101;102;104;105;106;107;108;109;110;111;113;114;115;116;117;118;119;120;121;122;123;124;125;126;127;128;129;130;131;132;133;134;134;135;136;137;138;139;140;141;142;143;143;144;145;146;147;148;149;149;150;151;151;151;151;151;151;151;151;151;151;151;151;151;151;151;151;151;151;151;151;151;151;151;151;151;151;151;151;151;151;151;151;151;151
3;15;21;26;30;33;37;39;42;45;47;49;51;54;56;57;59;61;63;65;66;68;70;71;73;74;76;77;79;80;81;83;84;85;87;88;89;90;92;93;94;95;96;97;99;100;101;102;103;104;105;106;107;108;109;110;111;112;113;114;115;116;117;118;119;120;121;122;123;124;125;126;127;128;129;129;130;131;132;133;134;135;136;136;137;138;139;140;141;141;142;143;144;145;145;146;147;148;149;149;150;151;151;151;151;151;151;151;151;151;151;151;151;151;151;151;151;151;151;151;151;151;151;151;151;151;151;151
3;15;21;25;29;32;35;38;41;43;45;48;50;52;54;56;57;59;61;62;64;66;67;69;70;72;73;74;76;77;79;80;81;82;84;85;86;87;88;90;91;92;93;94;95;96;97;98;100;101;102;103;104;105;106;107;108;109;110;111;111;112;113;114;115;116;117;118;119;120;121;121;122;123;124;125;126;127;127;128;129;130;131;132;132;133;134;135;136;136;137;138;139;140;140;141;142;143;143;144;145;146;146;147;148;149;149;150;151;151;151;151;151;151;151;151;151;151;151;151;151;151;151;151;151;151;151;151
3;14;20;24;28;31;34;37;39;42;44;46;48;50;52;54;56;57;59;60;62;64;65;67;68;69;71;72;73;75;76;77;79;80;81;82;83;84;86;87;88;89;90;91;92;93;94;95;96;97;98;99;100;101;102;103;104;105;106;107;108;109;110;111;111;112;113;114;115;116;117;118;118;119;120;121;122;122;123;124;125;126;127;127;128;129;130;130;131;132;133;133;134;135;136;136;137;138;139;139;140;141;142;142;143;144;144;145;146;147;147;148;149;149;150;151;151;151;151;151;151;151;151;151;151;151;151;151
3;14;19;24;27;30;33;36;38;41;43;45;47;49;50;52;54;56;57;59;60;62;63;65;66;67;69;70;71;72;74;75;76;77;79;80;81;82;83;84;85;86;87;88;89;90;91;92;93;94;95;96;97;98;99;100;101;102;103;104;105;105;106;107;108;109;110;111;111;112;113;114;115;116;116;117;118;119;120;120;121;122;123;123;124;125;126;126;127;128;129;129;130;131;132;132;133;134;134;135;136;136;137;138;139;139;140;141;141;142;143;143;144;145;145;146;147;147;148;149;149;150;151;151;151;151;151;151
3;14;19;23;26;29;32;35;37;39;41;43;45;47;49;51;52;54;56;57;59;60;61;63;64;65;67;68;69;70;72;73;74;75;76;77;79;80;81;82;83;84;85;86;87;88;89;90;91;92;93;94;94;95;96;97;98;99;100;101;102;102;103;104;105;106;107;107;108;109;110;111;111;112;113;114;115;115;116;117;118;118;119;120;121;121;122;123;123;124;125;126;126;127;128;128;129;130;130;131;132;133;133;134;135;135;136;137;137;138;138;139;140;140;141;142;142;143;144;144;145;145;146;147;147;148;149;149
3;13;18;22;26;29;31;34;36;38;40;42;44;46;48;49;51;53;54;56;57;58;60;61;62;64;65;66;67;69;70;71;72;73;74;75;76;77;79;80;81;82;83;84;85;85;86;87;88;89;90;91;92;93;94;95;95;96;97;98;99;100;100;101;102;103;104;105;105;106;107;108;108;109;110;111;111;112;113;114;114;115;116;117;117;118;119;119;120;121;121;122;123;124;124;125;126;126;127;128;128;129;130;130;131;132;132;133;133;134;135;135;136;137;137;138;138;139;140;140;141;141;142;143;143;144;144;145
3;13;18;22;25;28;31;33;35;37;39;41;43;45;46;48;50;51;53;54;56;57;58;60;61;62;63;64;66;67;68;69;70;71;72;73;74;75;77;78;79;79;80;81;82;83;84;85;86;87;88;89;90;90;91;92;93;94;95;95;96;97;98;99;100;100;101;102;103;103;104;105;106;106;107;108;109;109;110;111;111;112;113;114;114;115;116;116;117;118;118;119;120;120;121;122;122;123;124;124;125;126;126;127;127;128;129;129;130;131;131;132;132;133;134;134;135;135;136;137;137;138;138;139;140;140;141;141
3;13;18;21;25;27;30;32;34;36;38;40;42;44;45;47;48;50;51;53;54;56;57;58;59;61;62;63;64;65;66;67;68;70;71;72;73;74;75;76;77;78;78;79;80;81;82;83;84;85;86;87;87;88;89;90;91;92;92;93;94;95;96;96;97;98;99;99;100;101;102;102;103;104;104;105;106;107;107;108;109;109;110;111;111;112;113;113;114;115;115;116;117;117;118;119;119;120;121;121;122;122;123;124;124;125;126;126;127;127;128;129;129;130;130;131;131;132;133;133;134;134;135;135;136;137;137;138
3;12;17;21;24;27;29;32;34;36;38;39;41;43;44;46;47;49;50;52;53;54;56;57;58;59;60;61;63;64;65;66;67;68;69;70;71;72;73;74;75;76;77;78;78;79;80;81;82;83;84;85;85;86;87;88;89;89;90;91;92;93;93;94;95;96;96;97;98;98;99;100;101;101;102;103;103;104;105;105;106;107;108;108;109;109;110;111;111;112;113;113;114;115;115;116;117;117;118;118;119;120;120;121;121;122;123;123;124;124;125;125;126;127;127;128;128;129;129;130;131;131;132;132;133;133;134;134
2;12;17;20;23;26;29;31;33;35;37;39;40;42;43;45;46;48;49;50;52;53;54;56;57;58;59;60;61;62;63;64;65;66;67;68;69;70;71;72;73;74;75;76;77;78;78;79;80;81;82;83;83;84;85;86;87;87;88;89;90;90;91;92;93;93;94;95;96;96;97;98;98;99;100;100;101;102;102;103;104;104;105;106;106;107;108;108;109;110;110;111;111;112;113;113;114;114;115;116;116;117;117;118;119;119;120;120;121;122;122;123;123;124;124;125;125;126;127;127;128;128;129;129;130;130;131;131
2;12;16;20;23;26;28;30;32;34;36;38;39;41;42;44;45;47;48;49;51;52;53;54;56;57;58;59;60;61;62;63;64;65;66;67;68;69;70;71;72;73;73;74;75;76;77;78;78;79;80;81;82;83;83;84;85;86;86;87;88;89;89;90;91;91;92;93;94;94;95;96;96;97;98;98;99;100;100;101;102;102;103;103;104;105;105;106;107;107;108;108;109;110;110;111;111;112;113;113;114;114;115;116;116;117;117;118;118;119;119;120;121;121;122;122;123;123;124;124;125;125;126;126;127;128;128;129
2;12;16;20;23;25;27;30;32;33;35;37;39;40;42;43;44;46;47;48;50;51;52;53;54;55;57;58;59;60;61;62;63;64;65;66;67;67;68;69;70;71;72;73;74;74;75;76;77;78;78;79;80;81;82;82;83;84;85;85;86;87;87;88;89;90;90;91;92;92;93;94;94;95;96;96;97;98;98;99;99;100;101;101;102;103;103;104;104;105;106;106;107;107;108;109;109;110;110;111;111;112;113;113;114;114;115;115;116;116;117;118;118;119;119;120;120;121;121;122;122;123;123;124;124;125;125;126
2;11;16;19;22;25;27;29;31;33;35;36;38;39;41;42;44;45;46;47;49;50;51;52;53;54;55;57;58;59;60;61;62;63;63;64;65;66;67;68;69;70;71;71;72;73;74;75;75;76;77;78;78;79;80;81;81;82;83;84;84;85;86;86;87;88;89;89;90;91;91;92;92;93;94;94;95;96;96;97;98;98;99;99;100;101;101;102;102;103;104;104;105;105;106;106;107;108;108;109;109;110;110;111;111;112;113;113;114;114;115;115;116;116;117;117;118;118;119;119;120;120;121;121;122;122;123;123
2;11;16;19;22;24;26;28;30;32;34;36;37;39;40;41;43;44;45;47;48;49;50;51;52;53;54;55;57;58;58;59;60;61;62;63;64;65;66;67;68;68;69;70;71;72;72;73;74;75;76;76;77;78;78;79;80;81;81;82;83;83;84;85;85;86;87;87;88;89;89;90;91;91;92;93;93;94;94;95;96;96;97;97;98;99;99;100;100;101;102;102;103;103;104;104;105;106;106;107;107;108;108;109;109;110;110;111;111;112;112;113;114;114;115;115;116;116;117;117;118;118;119;119;120;120;121;121
2;11;15;19;21;24;26;28;30;32;33;35;36;38;39;41;42;43;45;46;47;48;49;50;51;52;53;54;55;56;57;58;59;60;61;62;63;64;65;65;66;67;68;69;70;70;71;72;73;73;74;75;76;76;77;78;78;79;80;81;81;82;83;83;84;85;85;86;87;87;88;88;89;90;90;91;92;92;93;93;94;95;95;96;96;97;97;98;99;99;100;100;101;101;102;102;103;104;104;105;105;106;106;107;107;108;108;109;109;110;110;111;111;112;112;113;113;114;114;115;115;116;116;117;117;118;118;119
2;11;15;18;21;23;25;27;29;31;33;34;36;37;39;40;41;43;44;45;46;47;48;49;51;52;53;54;55;55;56;57;58;59;60;61;62;63;64;64;65;66;67;68;68;69;70;71;71;72;73;74;74;75;76;76;77;78;78;79;80;81;81;82;82;83;84;84;85;86;86;87;88;88;89;89;90;91;91;92;92;93;93;94;95;95;96;96;97;97;98;99;99;100;100;101;101;102;102;103;103;104;104;105;105;106;106;107;107;108;108;109;109;110;110;111;111;112;112;113;113;114;114;115;115;116;116;117
2;11;15;18;21;23;25;27;29;31;32;34;35;37;38;39;41;42;43;44;45;46;48;49;50;51;52;53;54;55;55;56;57;58;59;60;61;62;62;63;64;65;66;66;67;68;69;69;70;71;72;72;73;74;74;75;76;76;77;78;78;79;80;80;81;82;82;83;84;84;85;85;86;87;87;88;88;89;90;90;91;91;92;92;93;94;94;95;95;96;96;97;97;98;98;99;99;100;101;101;102;102;103;103;104;104;105;105;106;106;107;107;108;108;109;109;110;110;110;111;111;112;112;113;113;114;114;115
2;10;15;18;20;23;25;27;28;30;32;33;35;36;37;39;40;41;42;44;45;46;47;48;49;50;51;52;53;54;55;55;56;57;58;59;60;61;61;62;63;64;65;65;66;67;68;68;69;70;70;71;72;73;73;74;75;75;76;77;77;78;78;79;80;80;81;82;82;83;83;84;85;85;86;86;87;88;88;89;89;90;90;91;91;92;93;93;94;94;95;95;96;96;97;97;98;98;99;99;100;100;101;101;102;102;103;103;104;104;105;105;106;106;107;107;108;108;109;109;110;110;111;111;111;112;112;113
2;10;14;17;20;22;24;26;28;30;31;33;34;36;37;38;39;41;42;43;44;45;46;47;48;49;50;51;52;53;54;55;55;56;57;58;59;60;60;61;62;63;64;64;65;66;67;67;68;69;69;70;71;71;72;73;73;74;75;75;76;77;77;78;78;79;80;80;81;82;82;83;83;84;84;85;86;86;87;87;88;88;89;89;90;91;91;92;92;93;93;94;94;95;95;96;96;97;97;98;98;99;99;100;100;101;101;102;102;103;103;104;104;105;105;106;106;106;107;107;108;108;109;109;110;110;111;111
2;10;14;17;20;22;24;26;28;29;31;32;34;35;36;38;39;40;41;42;43;44;45;46;47;48;49;50;51;52;53;54;55;55;56;57;58;59;60;60;61;62;63;63;64;65;65;66;67;68;68;69;70;70;71;72;72;73;74;74;75;75;76;77;77;78;78;79;80;80;81;81;82;83;83;84;84;85;85;86;86;87;88;88;89;89;90;90;91;91;92;92;93;93;94;94;95;95;96;96;97;97;98;98;99;99;100;100;101;101;102;102;103;103;103;104;104;105;105;106;106;107;107;108;108;108;109;109
2;10;14;17;19;22;24;25;27;29;30;32;33;34;36;37;38;39;40;42;43;44;45;46;47;48;49;49;50;51;52;53;54;55;55;56;57;58;59;59;60;61;62;62;63;64;65;65;66;67;67;68;69;69;70;71;71;72;72;73;74;74;75;76;76;77;77;78;78;79;80;80;81;81;82;82;83;84;84;85;85;86;86;87;87;88;88;89;89;90;90;91;91;92;92;93;93;94;94;95;95;96;96;97;97;98;98;99;99;100;100;101;101;101;102;102;103;103;104;104;105;105;105;106;106;107;107;108
2;10;14;17;19;21;23;25;27;28;30;31;33;34;35;36;38;39;40;41;42;43;44;45;46;47;48;49;50;51;51;52;53;54;55;55;56;57;58;59;59;60;61;61;62;63;64;64;65;66;66;67;68;68;69;70;70;71;71;72;73;73;74;74;75;76;76;77;77;78;78;79;80;80;81;81;82;82;83;83;84;84;85;86;86;87;87;88;88;89;89;90;90;91;91;92;92;93;93;93;94;94;95;95;96;96;97;97;98;98;99;99;99;100;100;101;101;102;102;103;103;103;104;104;105;105;106;106
2;10;14;16;19;21;23;25;26;28;29;31;32;34;35;36;37;38;39;40;41;42;43;44;45;46;47;48;49;50;51;52;52;53;54;55;55;56;57;58;58;59;60;61;61;62;63;63;64;65;65;66;67;67;68;69;69;70;70;71;72;72;73;73;74;75;75;76;76;77;77;78;78;79;80;80;81;81;82;82;83;83;84;84;85;85;86;86;87;87;88;88;89;89;90;90;91;91;92;92;93;93;94;94;94;95;95;96;96;97;97;98;98;99;99;99;100;100;101;101;102;102;102;103;103;104;104;105
2;10;13;16;19;21;23;24;26;28;29;30;32;33;34;35;37;38;39;40;41;42;43;44;45;46;47;47;48;49;50;51;52;52;53;54;55;55;56;57;58;58;59;60;60;61;62;63;63;64;64;65;66;66;67;68;68;69;69;70;71;71;72;72;73;74;74;75;75;76;76;77;77;78;78;79;80;80;81;81;82;82;83;83;84;84;85;85;86;86;87;87;88;88;89;89;89;90;90;91;91;92;92;93;93;94;94;95;95;95;96;96;97;97;98;98;98;99;99;100;100;101;101;101;102;102;103;103
2;10;13;16;18;20;22;24;26;27;29;30;31;33;34;35;36;37;38;39;40;41;42;43;44;45;46;47;48;49;49;50;51;52;52;53;54;55;55;56;57;58;58;59;60;60;61;62;62;63;64;64;65;66;66;67;67;68;69;69;70;70;71;71;72;73;73;74;74;75;75;76;76;77;77;78;78;79;80;80;81;81;82;82;83;83;84;84;84;85;85;86;86;87;87;88;88;89;89;90;90;91;91;91;92;92;93;93;94;94;95;95;95;96;96;97;97;98;98;98;99;99;100;100;100;101;101;102
2;9;13;16;18;20;22;24;25;27;28;30;31;32;33;35;36;37;38;39;40;41;42;43;44;44;45;46;47;48;49;49;50;51;52;53;53;54;55;55;56;57;58;58;59;60;60;61;62;62;63;63;64;65;65;66;66;67;68;68;69;69;70;71;71;72;72;73;73;74;74;75;75;76;76;77;77;78;78;79;79;80;80;81;81;82;82;83;83;84;84;85;85;86;86;87;87;88;88;88;89;89;90;90;91;91;92;92;92;93;93;94;94;95;95;95;96;96;97;97;98;98;98;99;99;100;100;100
2;9;13;16;18;20;22;23;25;27;28;29;31;32;33;34;35;36;37;38;39;40;41;42;43;44;45;46;46;47;48;49;50;50;51;52;53;53;54;55;55;56;57;58;58;59;59;60;61;61;62;63;63;64;64;65;66;66;67;67;68;69;69;70;70;71;71;72;72;73;73;74;74;75;75;76;76;77;77;78;78;79;79;80;80;81;81;82;82;83;83;84;84;85;85;86;86;86;87;87;88;88;89;89;90;90;90;91;91;92;92;93;93;93;94;94;95;95;95;96;96;97;97;98;98;98;99;99
2;9;13;15;18;20;22;23;25;26;28;29;30;31;33;34;35;36;37;38;39;40;41;42;43;43;44;45;46;47;48;48;49;50;51;51;52;53;53;54;55;55;56;57;57;58;59;59;60;61;61;62;62;63;64;64;65;65;66;67;67;68;68;69;69;70;70;71;71;72;72;73;74;74;75;75;76;76;77;77;78;78;78;79;79;80;80;81;81;82;82;83;83;84;84;85;85;85;86;86;87;87;88;88;88;89;89;90;90;91;91;91;92;92;93;93;93;94;94;95;95;95;96;96;97;97;97;98
2;9;13;15;17;19;21;23;24;26;27;29;30;31;32;33;34;35;36;37;38;39;40;41;42;43;44;45;45;46;47;48;48;49;50;51;51;52;53;53;54;55;55;56;57;57;58;59;59;60;61;61;62;62;63;63;64;65;65;66;66;67;67;68;68;69;70;70;71;71;72;72;73;73;74;74;75;75;76;76;77;77;78;78;78;79;79;80;80;81;81;82;82;83;83;83;84;84;85;85;86;86;87;87;87;88;88;89;89;89;90;90;91;91;92;92;92;93;93;94;94;94;95;95;96;96;96;97
2;9;12;15;17;19;21;23;24;26;27;28;30;31;32;33;34;35;36;37;38;39;40;41;42;42;43;44;45;46;46;47;48;49;49;50;51;51;52;53;54;54;55;55;56;57;57;58;59;59;60;60;61;62;62;63;63;64;64;65;66;66;67;67;68;68;69;69;70;70;71;71;72;72;73;73;74;74;75;75;76;76;77;77;78;78;78;79;79;80;80;81;81;82;82;83;83;83;84;84;85;85;86;86;86;87;87;88;88;88;89;89;90;90;90;91;91;92;92;92;93;93;94;94;94;95;95;96
2;9;12;15;17;19;21;22;24;25;27;28;29;30;31;33;34;35;36;37;38;38;39;40;41;42;43;44;44;45;46;47;47;48;49;50;50;51;52;52;53;54;54;55;55;56;57;57;58;59;59;60;60;61;61;62;63;63;64;64;65;65;66;66;67;67;68;68;69;69;70;70;71;71;72;72;73;73;74;74;75;75;76;76;77;77;78;78;78;79;79;80;80;81;81;82;82;82;83;83;84;84;85;85;85;86;86;87;87;87;88;88;89;89;89;90;90;91;91;91;92;92;93;93;93;94;94;94
2;9;12;15;17;19;21;22;24;25;26;28;29;30;31;32;33;34;35;36;37;38;39;40;41;41;42;43;44;45;45;46;47;48;48;49;50;50;51;52;52;53;54;54;55;55;56;57;57;58;58;59;60;60;61;61;62;62;63;64;64;65;65;66;66;67;67;68;68;69;69;70;70;71;71;72;72;73;73;74;74;74;75;75;76;76;77;77;78;78;78;79;79;80;80;81;81;81;82;82;83;83;84;84;84;85;85;86;86;86;87;87;88;88;88;89;89;90;90;90;91;91;91;92;92;93;93;93
2;9;12;15;17;19;20;22;23;25;26;27;29;30;31;32;33;34;35;36;37;38;38;39;40;41;42;43;43;44;45;46;46;47;48;48;49;50;50;51;52;52;53;54;54;55;55;56;57;57;58;58;59;60;60;61;61;62;62;63;63;64;64;65;65;66;66;67;67;68;68;69;69;70;70;71;71;72;72;73;73;74;74;75;75;75;76;76;77;77;78;78;78;79;79;80;80;81;81;81;82;82;83;83;83;84;84;85;85;85;86;86;87;87;87;88;88;89;89;89;90;90;90;91;91;92;92;92
2;9;12;14;17;18;20;22;23;25;26;27;28;29;30;32;33;34;34;35;36;37;38;39;40;41;41;42;43;44;44;45;46;47;47;48;49;49;50;51;51;52;52;53;54;54;55;55;56;57;57;58;58;59;59;60;61;61;62;62;63;63;64;64;65;65;66;66;67;67;68;68;69;69;70;70;71;71;71;72;72;73;73;74;74;75;75;75;76;76;77;77;78;78;78;79;79;80;80;81;81;81;82;82;83;83;83;84;84;85;85;85;86;86;86;87;87;88;88;88;89;89;89;90;90;91;91;91
2;9;12;14;16;18;20;21;23;24;26;27;28;29;30;31;32;33;34;35;36;37;38;39;39;40;41;42;42;43;44;45;45;46;47;47;48;49;49;50;51;51;52;53;53;54;54;55;55;56;57;57;58;58;59;59;60;60;61;61;62;63;63;64;64;65;65;66;66;67;67;67;68;68;69;69;70;70;71;71;72;72;73;73;73;74;74;75;75;76;76;76;77;77;78;78;78;79;79;80;80;81;81;81;82;82;82;83;83;84;84;84;85;85;86;86;86;87;87;87;88;88;89;89;89;90;90;90
2;8;12;14;16;18;20;21;23;24;25;27;28;29;30;31;32;33;34;35;36;36;37;38;39;40;41;41;42;43;43;44;45;46;46;47;48;48;49;50;50;51;51;52;53;53;54;54;55;55;56;57;57;58;58;59;59;60;60;61;61;62;62;63;63;64;64;65;65;66;66;67;67;68;68;69;69;70;70;70;71;71;72;72;73;73;73;74;74;75;75;76;76;76;77;77;78;78;78;79;79;80;80;80;81;81;82;82;82;83;83;84;84;84;85;85;85;86;86;87;87;87;88;88;88;89;89;89
2;8;12;14;16;18;20;21;22;24;25;26;27;28;30;31;32;33;33;34;35;36;37;38;39;39;40;41;42;42;43;44;44;45;46;46;47;48;48;49;50;50;51;51;52;53;53;54;54;55;55;56;57;57;58;58;59;59;60;60;61;61;62;62;63;63;64;64;65;65;66;66;67;67;67;68;68;69;69;70;70;71;71;71;72;72;73;73;74;74;74;75;75;76;76;76;77;77;78;78;78;79;79;80;80;80;81;81;82;82;82;83;83;83;84;84;85;85;85;86;86;86;87;87;87;88;88;89
2;8;11;14;16;18;19;21;22;24;25;26;27;28;29;30;31;32;33;34;35;36;37;37;38;39;40;40;41;42;43;43;44;45;45;46;47;47;48;49;49;50;50;51;52;52;53;53;54;54;55;55;56;57;57;58;58;59;59;60;60;61;61;62;62;63;63;64;64;65;65;65;66;66;67;67;68;68;69;69;69;70;70;71;71;72;72;72;73;73;74;74;75;75;75;76;76;77;77;77;78;78;78;79;79;80;80;80;81;81;82;82;82;83;83;83;84;84;84;85;85;86;86;86;87;87;87;88
2;8;11;14;16;18;19;21;22;23;25;26;27;28;29;30;31;32;33;34;35;35;36;37;38;39;39;40;41;42;42;43;44;44;45;46;46;47;47;48;49;49;50;50;51;52;52;53;53;54;54;55;55;56;57;57;58;58;59;59;60;60;61;61;62;62;62;63;63;64;64;65;65;66;66;67;67;67;68;68;69;69;70;70;71;71;71;72;72;73;73;73;74;74;75;75;75;76;76;77;77;77;78;78;78;79;79;80;80;80;81;81;81;82;82;83;83;83;84;84;84;85;85;85;86;86;86;87
2;8;11;14;16;17;19;20;22;23;24;26;27;28;29;30;31;32;32;33;34;35;36;37;37;38;39;40;40;41;42;43;43;44;44;45;46;46;47;48;48;49;49;50;51;51;52;52;53;53;54;54;55;55;56;57;57;58;58;59;59;60;60;60;61;61;62;62;63;63;64;64;65;65;66;66;66;67;67;68;68;69;69;69;70;70;71;71;71;72;72;73;73;73;74;74;75;75;75;76;76;77;77;77;78;78;78;79;79;80;80;80;81;81;81;82;82;82;83;83;84;84;84;85;85;85;86;86
2;8;11;13;15;17;19;20;22;23;24;25;26;27;28;29;30;31;32;33;34;35;36;36;37;38;39;39;40;41;41;42;43;43;44;45;45;46;47;47;48;48;49;50;50;51;51;52;52;53;53;54;54;55;55;56;56;57;57;58;58;59;59;60;60;61;61;62;62;63;63;64;64;64;65;65;66;66;67;67;68;68;68;69;69;70;70;70;71;71;72;72;72;73;73;74;74;74;75;75;76;76;76;77;77;77;78;78;78;79;79;80;80;80;81;81;81;82;82;82;83;83;83;84;84;84;85;85
2;8;11;13;15;17;19;20;21;23;24;25;26;27;28;29;30;31;32;33;34;34;35;36;37;38;38;39;40;40;41;42;42;43;44;44;45;46;46;47;47;48;49;49;50;50;51;51;52;52;53;53;54;54;55;55;56;56;57;57;58;58;59;59;60;60;61;61;62;62;63;63;63;64;64;65;65;66;66;66;67;67;68;68;69;69;69;70;70;71;71;71;72;72;73;73;73;74;74;74;75;75;76;76;76;77;77;77;78;78;78;79;79;80;80;80;81;81;81;82;82;82;83;83;83;84;84;84
2;8;11;13;15;17;18;20;21;23;24;25;26;27;28;29;30;31;32;32;33;34;35;36;36;37;38;39;39;40;41;41;42;43;43;44;45;45;46;46;47;48;48;49;49;50;50;51;51;52;52;53;53;54;54;55;55;56;56;57;57;58;58;59;59;60;60;61;61;62;62;62;63;63;64;64;65;65;65;66;66;67;67;68;68;68;69;69;70;70;70;71;71;71;72;72;73;73;73;74;74;75;75;75;76;76;76;77;77;77;78;78;78;79;79;80;80;80;81;81;81;82;82;82;83;83;83;84
2;8;11;13;15;17;18;20;21;22;23;25;26;27;28;29;30;30;31;32;33;34;35;35;36;37;38;38;39;40;40;41;42;42;43;44;44;45;45;46;47;47;48;48;49;49;50;50;51;51;52;52;53;54;54;55;55;55;56;56;57;57;58;58;59;59;60;60;61;61;61;62;62;63;63;64;64;64;65;65;66;66;67;67;67;68;68;69;69;69;70;70;70;71;71;72;72;72;73;73;73;74;74;75;75;75;76;76;76;77;77;77;78;78;78;79;79;80;80;80;81;81;81;82;82;82;83;83
2;8;11;13;15;17;18;20;21;22;23;24;25;26;27;28;29;30;31;32;33;34;34;35;36;37;37;38;39;39;40;41;41;42;43;43;44;44;45;46;46;47;47;48;48;49;49;50;50;51;52;52;53;53;54;54;55;55;55;56;56;57;57;58;58;59;59;60;60;61;61;61;62;62;63;63;63;64;64;65;65;66;66;66;67;67;68;68;68;69;69;69;70;70;71;71;71;72;72;72;73;73;74;74;74;75;75;75;76;76;76;77;77;77;78;78;78;79;79;79;80;80;80;81;81;81;82;82
2;8;11;13;15;16;18;19;21;22;23;24;25;26;27;28;29;30;31;32;32;33;34;35;36;36;37;38;38;39;40;40;41;42;42;43;43;44;45;45;46;46;47;47;48;48;49;50;50;51;51;52;52;53;53;54;54;55;55;55;56;56;57;57;58;58;59;59;60;60;60;61;61;62;62;63;63;63;64;64;65;65;65;66;66;67;67;67;68;68;69;69;69;70;70;70;71;71;71;72;72;73;73;73;74;74;74;75;75;75;76;76;76;77;77;77;78;78;78;79;79;79;80;80;80;81;81;81
2;8;11;13;15;16;18;19;21;22;23;24;25;26;27;28;29;30;31;31;32;33;34;34;35;36;37;37;38;39;39;40;41;41;42;42;43;44;44;45;45;46;46;47;48;48;49;49;50;50;51;51;52;52;53;53;54;54;55;55;55;56;56;57;57;58;58;59;59;59;60;60;61;61;62;62;62;63;63;64;64;64;65;65;66;66;66;67;67;68;68;68;69;69;69;70;70;71;71;71;72;72;72;73;73;73;74;74;74;75;75;75;76;76;76;77;77;77;78;78;78;79;79;79;80;80;80;81
2;8;10;13;15;16;18;19;20;22;23;24;25;26;27;28;29;29;30;31;32;33;33;34;35;36;36;37;38;38;39;40;40;41;41;42;43;43;44;44;45;46;46;47;47;48;48;49;49;50;50;51;51;52;52;53;53;54;54;55;55;55;56;56;57;57;58;58;59;59;59;60;60;61;61;62;62;62;63;63;64;64;64;65;65;65;66;66;67;67;67;68;68;68;69;69;70;70;70;71;71;71;72;72;72;73;73;73;74;74;75;75;75;76;76;76;77;77;77;78;78;78;78;79;79;79;80;80
2;8;10;13;14;16;18;19;20;21;23;24;25;26;27;27;28;29;30;31;32;32;33;34;35;35;36;37;37;38;39;39;40;41;41;42;42;43;43;44;45;45;46;46;47;47;48;48;49;49;50;50;51;51;52;52;53;53;54;54;55;55;55;56;56;57;57;58;58;59;59;59;60;60;61;61;61;62;62;63;63;63;64;64;65;65;65;66;66;66;67;67;68;68;68;69;69;69;70;70;70;71;71;71;72;72;73;73;73;74;74;74;75;75;75;76;76;76;77;77;77;78;78;78;78;79;79;79
2;7;10;13;14;16;17;19;20;21;22;23;24;25;26;27;28;29;30;31;31;32;33;34;34;35;36;36;37;38;38;39;40;40;41;41;42;43;43;44;44;45;45;46;46;47;47;48;48;49;49;50;50;51;51;52;52;53;53;54;54;55;55;55;56;56;57;57;58;58;58;59;59;60;60;61;61;61;62;62;63;63;63;64;64;64;65;65;66;66;66;67;67;67;68;68;68;69;69;70;70;70;71;71;71;72;72;72;73;73;73;74;74;74;75;75;75;76;76;76;77;77;77;78;78;78;78;79
2;7;10;12;14;16;17;19;20;21;22;23;24;25;26;27;28;29;30;30;31;32;33;33;34;35;35;36;37;37;38;39;39;40;41;41;42;42;43;43;44;44;45;46;46;47;47;48;48;49;49;50;50;51;51;51;52;52;53;53;54;54;55;55;55;56;56;57;57;58;58;58;59;59;60;60;60;61;61;62;62;62;63;63;64;64;64;65;65;65;66;66;67;67;67;68;68;68;69;69;69;70;70;70;71;71;71;72;72;72;73;73;73;74;74;74;75;75;75;76;76;76;77;77;77;78;78;78
2;7;10;12;14;16;17;19;20;21;22;23;24;25;26;27;28;29;29;30;31;32;32;33;34;35;35;36;37;37;38;38;39;40;40;41;41;42;42;43;44;44;45;45;46;46;47;47;48;48;49;49;50;50;51;51;52;52;52;53;53;54;54;55;55;55;56;56;57;57;58;58;58;59;59;60;60;60;61;61;62;62;62;63;63;63;64;64;65;65;65;66;66;66;67;67;67;68;68;68;69;69;69;70;70;71;71;71;72;72;72;72;73;73;73;74;74;74;75;75;75;76;76;76;77;77;77;78
2;7;10;12;14;16;17;18;20;21;22;23;24;25;26;27;28;28;29;30;31;31;32;33;34;34;35;36;36;37;38;38;39;39;40;40;41;42;42;43;43;44;44;45;45;46;46;47;47;48;48;49;49;50;50;51;51;52;52;52;53;53;54;54;55;55;55;56;56;57;57;58;58;58;59;59;60;60;60;61;61;61;62;62;63;63;63;64;64;64;65;65;65;66;66;67;67;67;68;68;68;69;69;69;70;70;70;71;71;71;72;72;72;73;73;73;74;74;74;74;75;75;75;76;76;76;77;77
2;7;10;12;14;16;17;18;19;21;22;23;24;25;26;26;27;28;29;30;30;31;32;33;33;34;35;35;36;37;37;38;38;39;40;40;41;41;42;42;43;43;44;44;45;46;46;47;47;47;48;48;49;49;50;50;51;51;52;52;53;53;53;54;54;55;55;55;56;56;57;57;58;58;58;59;59;59;60;60;61;61;61;62;62;62;63;63;64;64;64;65;65;65;66;66;66;67;67;67;68;68;68;69;69;69;70;70;70;71;71;71;72;72;72;73;73;73;74;74;74;75;75;75;75;76;76;76
2;7;10;12;14;15;17;18;19;20;22;23;24;24;25;26;27;28;29;30;30;31;32;32;33;34;34;35;36;36;37;38;38;39;39;40;40;41;42;42;43;43;44;44;45;45;46;46;47;47;48;48;49;49;49;50;50;51;51;52;52;53;53;53;54;54;55;55;55;56;56;57;57;57;58;58;59;59;59;60;60;61;61;61;62;62;62;63;63;63;64;64;65;65;65;66;66;66;67;67;67;68;68;68;69;69;69;70;70;70;71;71;71;72;72;72;72;73;73;73;74;74;74;75;75;75;76;76
2;7;10;12;14;15;17;18;19;20;21;22;23;24;25;26;27;28;29;29;30;31;31;32;33;34;34;35;35;36;37;37;38;38;39;40;40;41;41;42;42;43;43;44;44;45;45;46;46;47;47;48;48;49;49;50;50;50;51;51;52;52;53;53;53;54;54;55;55;55;56;56;57;57;57;58;58;59;59;59;60;60;60;61;61;62;62;62;63;63;63;64;64;64;65;65;65;66;66;66;67;67;67;68;68;68;69;69;69;70;70;70;71;71;71;72;72;72;73;73;73;73;74;74;74;75;75;75
2;7;10;12;14;15;17;18;19;20;21;22;23;24;25;26;27;28;28;29;30;31;31;32;33;33;34;35;35;36;36;37;38;38;39;39;40;40;41;41;42;43;43;44;44;45;45;46;46;46;47;47;48;48;49;49;50;50;51;51;51;52;52;53;53;53;54;54;55;55;55;56;56;57;57;57;58;58;59;59;59;60;60;60;61;61;61;62;62;63;63;63;64;64;64;65;65;65;66;66;66;67;67;67;68;68;68;69;69;69;70;70;70;70;71;71;71;72;72;72;73;73;73;74;74;74;74;75
2;7;10;12;14;15;16;18;19;20;21;22;23;24;25;26;27;27;28;29;30;30;31;32;32;33;34;34;35;36;36;37;37;38;38;39;40;40;41;41;42;42;43;43;44;44;45;45;46;46;47;47;48;48;48;49;49;50;50;51;51;51;52;52;53;53;53;54;54;55;55;55;56;56;57;57;57;58;58;59;59;59;60;60;60;61;61;61;62;62;62;63;63;63;64;64;64;65;65;65;66;66;66;67;67;67;68;68;68;69;69;69;70;70;70;71;71;71;72;72;72;72;73;73;73;74;74;74
2;7;10;12;13;15;16;18;19;20;21;22;23;24;25;26;26;27;28;29;29;30;31;32;32;33;33;34;35;35;36;37;37;38;38;39;39;40;40;41;41;42;42;43;43;44;44;45;45;46;46;47;47;48;48;49;49;49;50;50;51;51;51;52;52;53;53;54;54;54;55;55;55;56;56;57;57;57;58;58;58;59;59;60;60;60;61;61;61;62;62;62;63;63;63;64;64;64;65;65;65;66;66;66;67;67;67;68;68;68;69;69;69;69;70;70;70;71;71;71;72;72;72;73;73;73;73;74
2;7;10;12;13;15;16;18;19;20;21;22;23;24;25;25;26;27;28;28;29;30;31;31;32;33;33;34;34;35;36;36;37;37;38;39;39;40;40;41;41;42;42;43;43;44;44;45;45;45;46;46;47;47;48;48;49;49;49;50;50;51;51;52;52;52;53;53;54;54;54;55;55;55;56;56;57;57;57;58;58;58;59;59;59;60;60;61;61;61;62;62;62;63;63;63;64;64;64;65;65;65;66;66;66;67;67;67;67;68;68;68;69;69;69;70;70;70;71;71;71;71;72;72;72;73;73;73
2;7;10;12;13;15;16;17;19;20;21;22;23;24;24;25;26;27;28;28;29;30;30;31;32;32;33;34;34;35;35;36;37;37;38;38;39;39;40;40;41;41;42;42;43;43;44;44;45;45;46;46;47;47;47;48;48;49;49;50;50;50;51;51;52;52;52;53;53;54;54;54;55;55;55;56;56;57;57;57;58;58;58;59;59;59;60;60;60;61;61;62;62;62;63;63;63;64;64;64;64;65;65;65;66;66;66;67;67;67;68;68;68;69;69;69;69;70;70;70;71;71;71;72;72;72;72;73
2;7;10;12;13;15;16;17;18;20;21;22;22;23;24;25;26;27;27;28;29;30;30;31;32;32;33;33;34;35;35;36;36;37;37;38;39;39;40;40;41;41;42;42;43;43;44;44;44;45;45;46;46;47;47;48;48;48;49;49;50;50;50;51;51;52;52;52;53;53;54;54;54;55;55;55;56;56;57;57;57;58;58;58;59;59;59;60;60;60;61;61;61;62;62;62;63;63;63;64;64;64;65;65;65;66;66;66;67;67;67;67;68;68;68;69;69;69;70;70;70;70;71;71;71;72;72;72
2;7;9;11;13;15;16;17;18;19;20;21;22;23;24;25;26;26;27;28;29;29;30;31;31;32;33;33;34;34;35;36;36;37;37;38;38;39;39;40;40;41;41;42;42;43;43;44;44;45;45;45;46;46;47;47;48;48;48;49;49;50;50;51;51;51;52;52;52;53;53;54;54;54;55;55;55;56;56;57;57;57;58;58;58;59;59;59;60;60;60;61;61;61;62;62;62;63;63;63;64;64;64;65;65;65;66;66;66;66;67;67;67;68;68;68;69;69;69;69;70;70;70;71;71;71;71;72
2;7;9;11;13;15;16;17;18;19;20;21;22;23;24;25;26;26;27;28;28;29;30;30;31;32;32;33;34;34;35;35;36;36;37;38;38;39;39;40;40;41;41;42;42;42;43;43;44;44;45;45;46;46;46;47;47;48;48;49;49;49;50;50;51;51;51;52;52;53;53;53;54;54;54;55;55;55;56;56;57;57;57;58;58;58;59;59;59;60;60;60;61;61;61;62;62;62;63;63;63;64;64;64;64;65;65;65;66;66;66;67;67;67;67;68;68;68;69;69;69;70;70;70;70;71;71;71
2;7;9;11;13;14;16;17;18;19;20;21;22;23;24;25;25;26;27;28;28;29;30;30;31;32;32;33;33;34;35;35;36;36;37;37;38;38;39;39;40;40;41;41;42;42;43;43;44;44;44;45;45;46;46;47;47;47;48;48;49;49;49;50;50;51;51;51;52;52;53;53;53;54;54;54;55;55;55;56;56;57;57;57;58;58;58;59;59;59;60;60;60;61;61;61;62;62;62;62;63;63;63;64;64;64;65;65;65;66;66;66;66;67;67;67;68;68;68;69;69;69;69;70;70;70;71;71
2;7;9;11;13;14;16;17;18;19;20;21;22;23;24;24;25;26;27;27;28;29;29;30;31;31;32;33;33;34;34;35;35;36;37;37;38;38;39;39;40;40;41;41;41;42;42;43;43;44;44;45;45;45;46;46;47;47;48;48;48;49;49;50;50;50;51;51;51;52;52;53;53;53;54;54;54;55;55;55;56;56;57;57;57;58;58;58;59;59;59;60;60;60;61;61;61;61;62;62;62;63;63;63;64;64;64;65;65;65;65;66;66;66;67;67;67;67;68;68;68;69;69;69;69;70;70;70
2;7;9;11;13;14;16;17;18;19;20;21;22;23;23;24;25;26;27;27;28;29;29;30;31;31;32;32;33;34;34;35;35;36;36;37;37;38;38;39;39;40;40;41;41;42;42;43;43;43;44;44;45;45;46;46;46;47;47;48;48;48;49;49;50;50;50;51;51;52;52;52;53;53;53;54;54;54;55;55;55;56;56;57;57;57;58;58;58;59;59;59;59;60;60;60;61;61;61;62;62;62;63;63;63;64;64;64;64;65;65;65;66;66;66;66;67;67;67;68;68;68;68;69;69;69;70;70
2;7;9;11;13;14;15;17;18;19;20;21;22;22;23;24;25;26;26;27;28;28;29;30;30;31;32;32;33;33;34;34;35;36;36;37;37;38;38;39;39;40;40;41;41;41;42;42;43;43;44;44;45;45;45;46;46;47;47;47;48;48;49;49;49;50;50;50;51;51;52;52;52;53;53;53;54;54;54;55;55;55;56;56;56;57;57;57;58;58;58;59;59;59;60;60;60;61;61;61;62;62;62;63;63;63;63;64;64;64;65;65;65;66;66;66;66;67;67;67;68;68;68;68;69;69;69;69
2;7;9;11;13;14;15;17;18;19;20;21;21;22;23;24;25;25;26;27;28;28;29;30;30;31;31;32;33;33;34;34;35;35;36;36;37;37;38;38;39;39;40;40;41;41;42;42;43;43;43;44;44;45;45;45;46;46;47;47;47;48;48;49;49;49;50;50;51;51;51;52;52;52;53;53;53;54;54;54;55;55;55;56;56;56;57;57;57;58;58;58;59;59;59;60;60;60;61;61;61;62;62;62;62;63;63;63;64;64;64;65;65;65;65;66;66;66;67;67;67;67;68;68;68;68;69;69
2;7;9;11;13;14;15;16;18;19;20;20;21;22;23;24;25;25;26;27;27;28;29;29;30;31;31;32;32;33;33;34;35;35;36;36;37;37;38;38;39;39;40;40;40;41;41;42;42;43;43;44;44;44;45;45;46;46;46;47;47;48;48;48;49;49;49;50;50;51;51;51;52;52;52;53;53;53;54;54;54;55;55;55;56;56;56;57;57;57;58;58;58;59;59;59;60;60;60;61;61;61;61;62;62;62;63;63;63;64;64;64;64;65;65;65;66;66;66;66;67;67;67;68;68;68;68;69
2;7;9;11;12;14;15;16;17;18;19;20;21;22;23;24;24;25;26;27;27;28;29;29;30;30;31;32;32;33;33;34;34;35;35;36;36;37;37;38;38;39;39;40;40;41;41;42;42;42;43;43;44;44;45;45;45;46;46;47;47;47;48;48;48;49;49;50;50;50;51;51;51;52;52;52;53;53;53;54;54;54;55;55;55;56;56;56;57;57;57;58;58;58;59;59;59;60;60;60;61;61;61;61;62;62;62;63;63;63;63;64;64;64;65;65;65;65;66;66;66;67;67;67;67;68;68;68
2;7;9;11;12;14;15;16;17;18;19;20;21;22;23;24;24;25;26;26;27;28;28;29;30;30;31;31;32;33;33;34;34;35;35;36;36;37;37;38;38;39;39;40;40;40;41;41;42;42;43;43;43;44;44;45;45;45;46;46;47;47;47;48;48;49;49;49;50;50;50;51;51;51;52;52;52;53;53;53;54;54;54;55;55;55;56;56;56;57;57;57;58;58;58;59;59;59;60;60;60;60;61;61;61;62;62;62;63;63;63;63;64;64;64;65;65;65;65;66;66;66;66;67;67;67;68;68
2;6;9;11;12;14;15;16;17;18;19;20;21;22;23;23;24;25;26;26;27;28;28;29;29;30;31;31;32;32;33;33;34;34;35;36;36;37;37;37;38;38;39;39;40;40;41;41;42;42;42;43;43;44;44;44;45;45;46;46;46;47;47;48;48;48;49;49;49;50;50;50;51;51;51;52;52;53;53;53;54;54;54;55;55;55;55;56;56;56;57;57;57;58;58;58;59;59;59;60;60;60;60;61;61;61;62;62;62;62;63;63;63;64;64;64;64;65;65;65;66;66;66;66;67;67;67;67
2;6;9;11;12;14;15;16;17;18;19;20;21;22;23;23;24;25;25;26;27;27;28;29;29;30;30;31;32;32;33;33;34;34;35;35;36;36;37;37;38;38;39;39;40;40;40;41;41;42;42;43;43;43;44;44;45;45;45;46;46;46;47;47;48;48;48;49;49;49;50;50;50;51;51;52;52;52;53;53;53;54;54;54;55;55;55;55;56;56;56;57;57;57;58;58;58;59;59;59;59;60;60;60;61;61;61;62;62;62;62;63;63;63;63;64;64;64;65;65;65;65;66;66;66;66;67;67
2;6;9;11;12;14;15;16;17;18;19;20;21;22;22;23;24;25;25;26;27;27;28;29;29;30;30;31;31;32;33;33;34;34;35;35;36;36;37;37;38;38;38;39;39;40;40;41;41;41;42;42;43;43;44;44;44;45;45;45;46;46;47;47;47;48;48;48;49;49;50;50;50;51;51;51;52;52;52;53;53;53;54;54;54;55;55;55;55;56;56;56;57;57;57;58;58;58;59;59;59;59;60;60;60;61;61;61;61;62;62;62;63;63;63;63;64;64;64;64;65;65;65;66;66;66;66;67
2;6;9;11;12;14;15;16;17;18;19;20;21;21;22;23;24;24;25;26;27;27;28;28;29;30;30;31;31;32;32;33;33;34;34;35;35;36;36;37;37;38;38;39;39;40;40;40;41;41;42;42;42;43;43;44;44;44;45;45;46;46;46;47;47;47;48;48;49;49;49;50;50;50;51;51;51;52;52;52;53;53;53;54;54;54;55;55;55;55;56;56;56;57;57;57;58;58;58;59;59;59;59;60;60;60;61;61;61;61;62;62;62;62;63;63;63;64;64;64;64;65;65;65;65;66;66;66
2;6;9;11;12;13;15;16;17;18;19;20;21;21;22;23;24;24;25;26;26;27;28;28;29;29;30;31;31;32;32;33;33;34;34;35;35;36;36;37;37;38;38;38;39;39;40;40;41;41;41;42;42;43;43;43;44;44;45;45;45;46;46;46;47;47;48;48;48;49;49;49;50;50;50;51;51;51;52;52;52;53;53;53;54;54;54;55;55;55;55;56;56;56;57;57;57;58;58;58;58;59;59;59;60;60;60;60;61;61;61;62;62;62;62;63;63;63;64;64;64;64;65;65;65;65;66;66
2;6;9;10;12;13;15;16;17;18;19;20;20;21;22;23;24;24;25;26;26;27;27;28;29;29;30;30;31;31;32;33;33;34;34;35;35;35;36;36;37;37;38;38;39;39;40;40;40;41;41;42;42;42;43;43;44;44;44;45;45;45;46;46;47;47;47;48;48;48;49;49;49;50;50;50;51;51;51;52;52;52;53;53;53;54;54;54;55;55;55;55;56;56;56;57;57;57;58;58;58;58;59;59;59;60;60;60;60;61;61;61;62;62;62;62;63;63;63;63;64;64;64;64;65;65;65;66
2;6;9;10;12;13;15;16;17;18;19;19;20;21;22;23;23;24;25;25;26;27;27;28;29;29;30;30;31;31;32;32;33;33;34;34;35;35;36;36;37;37;38;38;38;39;39;40;40;41;41;41;42;42;43;43;43;44;44;44;45;45;46;46;46;47;47;47;48;48;48;49;49;49;50;50;50;51;51;51;52;52;52;53;53;53;54;54;54;55;55;55;55;56;56;56;57;57;57;58;58;58;58;59;59;59;60;60;60;60;61;61;61;61;62;62;62;63;63;63;63;64;64;64;64;65;65;65
2;6;9;10;12;13;14;16;17;18;18;19;20;21;22;23;23;24;25;25;26;27;27;28;28;29;30;30;31;31;32;32;33;33;34;34;35;35;36;36;36;37;37;38;38;39;39;40;40;40;41;41;42;42;42;43;43;43;44;44;45;45;45;46;46;46;47;47;47;48;48;49;49;49;50;50;50;50;51;51;51;52;52;52;53;53;53;54;54;54;55;55;55;55;56;56;56;57;57;57;58;58;58;58;59;59;59;59;60;60;60;61;61;61;61;62;62;62;62;63;63;63;64;64;64;64;65;65
2;6;9;10;12;13;14;15;17;17;18;19;20;21;22;22;23;24;25;25;26;26;27;28;28;29;29;30;30;31;31;32;33;33;34;34;34;35;35;36;36;37;37;38;38;38;39;39;40;40;41;41;41;42;42;43;43;43;44;44;44;45;45;45;46;46;47;47;47;48;48;48;49;49;49;50;50;50;51;51;51;52;52;52;52;53;53;53;54;54;54;55;55;55;55;56;56;56;57;57;57;57;58;58;58;59;59;59;59;60;60;60;61;61;61;61;62;62;62;62;63;63;63;63;64;64;64;65
2;6;9;10;12;13;14;15;16;17;18;19;20;21;22;22;23;24;24;25;26;26;27;27;28;29;29;30;30;31;31;32;32;33;33;34;34;35;35;36;36;37;37;37;38;38;39;39;40;40;40;41;41;42;42;42;43;43;43;44;44;45;45;45;46;46;46;47;47;47;48;48;48;49;49;49;50;50;50;51;51;51;52;52;52;52;53;53;53;54;54;54;55;55;55;55;56;56;56;57;57;57;57;58;58;58;59;59;59;59;60;60;60;60;61;61;61;62;62;62;62;63;63;63;63;64;64;64
2;6;8;10;12;13;14;15;16;17;18;19;20;21;21;22;23;24;24;25;26;26;27;27;28;28;29;30;30;31;31;32;32;33;33;34;34;35;35;35;36;36;37;37;38;38;38;39;39;40;40;41;41;41;42;42;42;43;43;44;44;44;45;45;45;46;46;46;47;47;47;48;48;48;49;49;49;50;50;50;51;51;51;52;52;52;53;53;53;53;54;54;54;55;55;55;55;56;56;56;57;57;57;57;58;58;58;59;59;59;59;60;60;60;60;61;61;61;62;62;62;62;63;63;63;63;64;64
2;6;8;10;12;13;14;15;16;17;18;19;20;21;21;22;23;23;24;25;25;26;27;27;28;28;29;29;30;31;31;32;32;33;33;33;34;34;35;35;36;36;37;37;37;38;38;39;39;40;40;40;41;41;41;42;42;43;43;43;44;44;44;45;45;45;46;46;46;47;47;47;48;48;48;49;49;49;50;50;50;51;51;51;52;52;52;53;53;53;53;54;54;54;55;55;55;55;56;56;56;57;57;57;57;58;58;58;59;59;59;59;60;60;60;60;61;61;61;61;62;62;62;63;63;63;63;64
2;6;8;10;12;13;14;15;16;17;18;19;20;20;21;22;23;23;24;25;25;26;26;27;28;28;29;29;30;30;31;31;32;32;33;33;34;34;35;35;36;36;36;37;37;38;38;39;39;39;40;40;40;41;41;42;42;42;43;43;43;44;44;45;45;45;46;46;46;47;47;47;48;48;48;49;49;49;50;50;50;50;51;51;51;52;52;52;53;53;53;53;54;54;54;55;55;55;55;56;56;56;57;57;57;57;58;58;58;58;59;59;59;60;60;60;60;61;61;61;61;62;62;62;63;63;63;63
2;6;8;10;12;13;14;15;16;17;18;19;20;20;21;22;23;23;24;25;25;26;26;27;28;28;29;29;30;30;31;31;32;32;33;33;34;34;34;35;35;36;36;37;37;38;38;38;39;39;40;40;40;41;41;41;42;42;43;43;43;44;44;44;45;45;45;46;46;46;47;47;47;48;48;48;49;49;49;50;50;50;51;51;51;51;52;52;52;53;53;53;53;54;54;54;55;55;55;55;56;56;56;57;57;57;57;58;58;58;58;59;59;59;60;60;60;60;61;61;61;61;62;62;62;62;63;63
2;6;8;10;11;13;14;15;16;17;18;19;20;20;21;22;22;23;24;24;25;26;26;27;27;28;28;29;30;30;31;31;32;32;32;33;33;34;34;35;35;36;36;36;37;37;38;38;39;39;39;40;40;40;41;41;42;42;42;43;43;43;44;44;44;45;45;45;46;46;46;47;47;47;48;48;48;49;49;49;50;50;50;51;51;51;51;52;52;52;53;53;53;54;54;54;54;55;55;55;55;56;56;56;57;57;57;57;58;58;58;58;59;59;59;60;60;60;60;61;61;61;61;62;62;62;62;63
2;6;8;10;11;13;14;15;16;17;18;19;19;20;21;22;22;23;24;24;25;26;26;27;27;28;28;29;29;30;30;31;31;32;32;33;33;34;34;35;35;35;36;36;37;37;38;38;38;39;39;40;40;40;41;41;41;42;42;42;43;43;44;44;44;45;45;45;46;46;46;47;47;47;48;48;48;48;49;49;49;50;50;50;51;51;51;52;52;52;52;53;53;53;54;54;54;54;55;55;55;55;56;56;56;57;57;57;57;58;58;58;58;59;59;59;60;60;60;60;61;61;61;61;62;62;62;62
2;6;8;10;11;13;14;15;16;17;18;19;19;20;21;22;22;23;24;24;25;25;26;27;27;28;28;29;29;30;30;31;31;32;32;33;33;34;34;34;35;35;36;36;37;37;37;38;38;39;39;39;40;40;40;41;41;42;42;42;43;43;43;44;44;44;45;45;45;46;46;46;47;47;47;48;48;48;49;49;49;49;50;50;50;51;51;51;52;52;52;52;53;53;53;54;54;54;54;55;55;55;55;56;56;56;57;57;57;57;58;58;58;58;59;59;59;59;60;60;60;61;61;61;61;62;62;62
2;6;8;10;11;13;14;15;16;17;18;18;19;20;21;21;22;23;23;24;25;25;26;26;27;28;28;29;29;30;30;31;31;32;32;32;33;33;34;34;35;35;36;36;36;37;37;38;38;38;39;39;40;40;40;41;41;41;42;42;42;43;43;43;44;44;44;45;45;45;46;46;46;47;47;47;48;48;48;49;49;49;50;50;50;50;51;51;51;52;52;52;52;53;53;53;54;54;54;54;55;55;55;55;56;56;56;57;57;57;57;58;58;58;58;59;59;59;59;60;60;60;61;61;61;61;62;62
2;6;8;10;11;13;14;15;16;17;18;18;19;20;21;21;22;23;23;24;25;25;26;26;27;27;28;28;29;29;30;30;31;31;32;32;33;33;34;34;35;35;35;36;36;37;37;37;38;38;39;39;39;40;40;40;41;41;42;42;42;43;43;43;44;44;44;45;45;45;46;46;46;47;47;47;47;48;48;48;49;49;49;50;50;50;50;51;51;51;52;52;52;52;53;53;53;54;54;54;54;55;55;55;55;56;56;56;57;57;57;57;58;58;58;58;59;59;59;59;60;60;60;61;61;61;61;62
2;6;8;10;11;12;14;15;16;17;17;18;19;20;21;21;22;23;23;24;24;25;26;26;27;27;28;28;29;29;30;30;31;31;32;32;33;33;34;34;34;35;35;36;36;36;37;37;38;38;38;39;39;40;40;40;41;41;41;42;42;42;43;43;43;44;44;44;45;45;45;46;46;46;47;47;47;48;48;48;48;49;49;49;50;50;50;51;51;51;51;52;52;52;52;53;53;53;54;54;54;54;55;55;55;55;56;56;56;57;57;57;57;58;58;58;58;59;59;59;59;60;60;60;61;61;61;61
2;6;8;10;11;12;14;15;16;16;17;18;19;20;20;21;22;22;23;24;24;25;25;26;27;27;28;28;29;29;30;30;31;31;32;32;32;33;33;34;34;35;35;35;36;36;37;37;37;38;38;39;39;39;40;40;40;41;41;41;42;42;42;43;43;43;44;44;44;45;45;45;46;46;46;47;47;47;48;48;48;49;49;49;49;50;50;50;51;51;51;51;52;52;52;53;53;53;53;54;54;54;54;55;55;55;55;56;56;56;57;57;57;57;58;58;58;58;59;59;59;60;60;60;60;61;61;61
2;6;8;10;11;12;14;15;16;16;17;18;19;20;20;21;22;22;23;24;24;25;25;26;26;27;28;28;29;29;30;30;31;31;31;32;32;33;33;34;34;34;35;35;36;36;36;37;37;38;38;38;39;39;39;40;40;41;41;41;42;42;42;43;43;43;44;44;44;45;45;45;46;46;46;46;47;47;47;48;48;48;49;49;49;49;50;50;50;51;51;51;51;52;52;52;53;53;53;53;54;54;54;54;55;55;55;56;56;56;56;57;57;57;57;58;58;58;58;59;59;59;60;60;60;60;61;61
2;6;8;10;11;12;13;14;15;16;17;18;19;20;20;21;22;22;23;24;24;25;25;26;26;27;27;28;28;29;29;30;30;31;31;32;32;33;33;33;34;34;35;35;36;36;36;37;37;37;38;38;39;39;39;40;40;40;41;41;41;42;42;42;43;43;43;44;44;44;45;45;45;46;46;46;47;47;47;47;48;48;48;49;49;49;50;50;50;50;51;51;51;51;52;52;52;53;53;53;53;54;54;54;54;55;55;55;56;56;56;56;57;57;57;57;58;58;58;58;59;59;59;60;60;60;60;61
2;6;8;10;11;12;13;14;15;16;17;18;19;19;20;21;22;22;23;23;24;25;25;26;26;27;27;28;28;29;29;30;30;31;31;32;32;32;33;33;34;34;35;35;35;36;36;37;37;37;38;38;38;39;39;39;40;40;41;41;41;42;42;42;43;43;43;44;44;44;45;45;45;45;46;46;46;47;47;47;48;48;48;48;49;49;49;50;50;50;50;51;51;51;52;52;52;52;53;53;53;53;54;54;54;54;55;55;55;56;56;56;56;57;57;57;57;58;58;58;59;59;59;59;60;60;60;60
2;6;8;10;11;12;13;14;15;16;17;18;19;19;20;21;21;22;23;23;24;24;25;26;26;27;27;28;28;29;29;30;30;31;31;31;32;32;33;33;34;34;34;35;35;36;36;36;37;37;38;38;38;39;39;39;40;40;40;41;41;41;42;42;42;43;43;43;44;44;44;45;45;45;46;46;46;46;47;47;47;48;48;48;49;49;49;49;50;50;50;50;51;51;51;52;52;52;52;53;53;53;53;54;54;54;55;55;55;55;56;56;56;56;57;57;57;57;58;58;58;59;59;59;59;60;60;60
2;6;8;10;11;12;13;14;15;16;17;18;19;19;20;21;21;22;23;23;24;24;25;25;26;27;27;28;28;29;29;29;30;30;31;31;32;32;33;33;33;34;34;35;35;35;36;36;37;37;37;38;38;38;39;39;39;40;40;41;41;41;42;42;42;43;43;43;43;44;44;44;45;45;45;46;46;46;47;47;47;47;48;48;48;49;49;49;49;50;50;50;51;51;51;51;52;52;52;52;53;53;53;53;54;54;54;55;55;55;55;56;56;56;56;57;57;57;57;58;58;58;59;59;59;59;60;60
2;6;8;10;11;12;13;14;15;16;17;18;18;19;20;21;21;22;22;23;24;24;25;25;26;26;27;27;28;28;29;29;30;30;31;31;32;32;32;33;33;34;34;35;35;35;36;36;36;37;37;38;38;38;39;39;39;40;40;40;41;41;41;42;42;42;43;43;43;44;44;44;45;45;45;45;46;46;46;47;47;47;48;48;48;48;49;49;49;49;50;50;50;51;51;51;51;52;52;52;52;53;53;53;54;54;54;54;55;55;55;55;56;56;56;56;57;57;57;58;58;58;58;59;59;59;59;60
2;6;8;9;11;12;13;14;15;16;17;18;18;19;20;20;21;22;22;23;24;24;25;25;26;26;27;27;28;28;29;29;30;30;31;31;31;32;32;33;33;34;34;34;35;35;36;36;36;37;37;37;38;38;38;39;39;39;40;40;41;41;41;41;42;42;42;43;43;43;44;44;44;45;45;45;46;46;46;46;47;47;47;48;48;48;48;49;49;49;50;50;50;50;51;51;51;51;52;52;52;52;53;53;53;54;54;54;54;55;55;55;55;56;56;56;57;57;57;57;58;58;58;58;59;59;59;59
2;6;8;9;11;12;13;14;15;16;17;18;18;19;20;20;21;22;22;23;23;24;25;25;26;26;27;27;28;28;29;29;30;30;30;31;31;32;32;33;33;33;34;34;35;35;35;36;36;36;37;37;38;38;38;39;39;39;40;40;40;41;41;41;42;42;42;43;43;43;44;44;44;44;45;45;45;46;46;46;47;47;47;47;48;48;48;48;49;49;49;50;50;50;50;51;51;51;51;52;52;52;53;53;53;53;54;54;54;54;55;55;55;55;56;56;56;57;57;57;57;58;58;58;58;59;59;59
2;6;8;9;11;12;13;14;15;16;17;17;18;19;20;20;21;22;22;23;23;24;24;25;26;26;27;27;28;28;29;29;29;30;30;31;31;32;32;32;33;33;34;34;34;35;35;36;36;36;37;37;37;38;38;38;39;39;39;40;40;40;41;41;41;42;42;42;43;43;43;44;44;44;45;45;45;45;46;46;46;47;47;47;47;48;48;48;49;49;49;49;50;50;50;50;51;51;51;52;52;52;52;53;53;53;53;54;54;54;54;55;55;55;56;56;56;56;57;57;57;57;58;58;58;58;59;59
2;6;8;9;11;12;13;14;15;16;17;17;18;19;20;20;21;21;22;23;23;24;24;25;25;26;26;27;27;28;28;29;29;30;30;31;31;31;32;32;33;33;34;34;34;35;35;35;36;36;37;37;37;38;38;38;39;39;39;40;40;40;41;41;41;42;42;42;43;43;43;43;44;44;44;45;45;45;46;46;46;46;47;47;47;48;48;48;48;49;49;49;49;50;50;50;50;51;51;51;52;52;52;52;53;53;53;53;54;54;54;55;55;55;55;56;56;56;56;57;57;57;57;58;58;58;59;59
2;6;8;9;11;12;13;14;15;16;17;17;18;19;19;20;21;21;22;23;23;24;24;25;25;26;26;27;27;28;28;29;29;30;30;31;31;31;32;32;33;33;33;34;34;35;35;35;36;36;36;37;37;37;38;38;38;39;39;39;40;40;40;41;41;41;42;42;42;43;43;43;44;44;44;44;45;45;45;46;46;46;46;47;47;47;48;48;48;48;49;49;49;49;50;50;50;51;51;51;51;52;52;52;52;53;53;53;54;54;54;54;55;55;55;55;56;56;56;56;57;57;57;58;58;58;58;59
2;6;8;9;11;12;13;14;15;16;16;17;18;19;19;20;21;21;22;23;23;24;24;25;25;26;26;27;27;28;28;29;29;30;30;30;31;31;32;32;32;33;33;34;34;34;35;35;36;36;36;37;37;37;38;38;38;39;39;39;40;40;40;41;41;41;42;42;42;42;43;43;43;44;44;44;45;45;45;45;46;46;46;47;47;47;47;48;48;48;48;49;49;49;50;50;50;50;51;51;51;51;52;52;52;52;53;53;53;54;54;54;54;55;55;55;55;56;56;56;57;57;57;57;58;58;58;58
2;6;8;9;11;12;13;14;15;16;16;17;18;19;19;20;21;21;22;22;23;24;24;25;25;26;26;27;27;28;28;28;29;29;30;30;31;31;32;32;32;33;33;33;34;34;35;35;35;36;36;36;37;37;37;38;38;38;39;39;39;40;40;40;41;41;41;42;42;42;43;43;43;44;44;44;44;45;45;45;46;46;46;46;47;47;47;47;48;48;48;49;49;49;49;50;50;50;50;51;51;51;51;52;52;52;53;53;53;53;54;54;54;54;55;55;55;56;56;56;56;57;57;57;57;58;58;58
2;6;8;9;11;12;13;14;15;16;16;17;18;19;19;20;21;21;22;22;23;23;24;25;25;26;26;27;27;27;28;28;29;29;30;30;31;31;31;32;32;33;33;33;34;34;34;35;35;36;36;36;37;37;37;38;38;38;39;39;39;40;40;40;41;41;41;42;42;42;42;43;43;43;44;44;44;44;45;45;45;46;46;46;46;47;47;47;48;48;48;48;49;49;49;49;50;50;50;50;51;51;51;52;52;52;52;53;53;53;53;54;54;54;55;55;55;55;56;56;56;56;57;57;57;57;58;58
2;6;8;9;10;12;13;14;15;15;16;17;18;18;19;20;20;21;22;22;23;23;24;24;25;25;26;26;27;27;28;28;29;29;30;30;30;31;31;32;32;32;33;33;34;34;34;35;35;35;36;36;36;37;37;38;38;38;39;39;39;39;40;40;40;41;41;41;42;42;42;43;43;43;43;44;44;44;45;45;45;45;46;46;46;47;47;47;47;48;48;48;48;49;49;49;49;50;50;50;51;51;51;51;52;52;52;52;53;53;53;54;54;54;54;55;55;55;55;56;56;56;56;57;57;57;58;58
2;6;8;9;10;12;13;14;15;15;16;17;18;18;19;20;20;21;22;22;23;23;24;24;25;25;26;26;27;27;28;28;29;29;29;30;30;31;31;32;32;32;33;33;33;34;34;35;35;35;36;36;36;37;37;37;38;38;38;39;39;39;40;40;40;41;41;41;41;42;42;42;43;43;43;44;44;44;44;45;45;45;46;46;46;46;47;47;47;47;48;48;48;48;49;49;49;50;50;50;50;51;51;51;51;52;52;52;53;53;53;53;54;54;54;54;55;55;55;55;56;56;56;57;57;57;57;58
2;6;8;9;10;12;13;14;14;15;16;17;18;18;19;20;20;21;21;22;23;23;24;24;25;25;26;26;27;27;28;28;28;29;29;30;30;31;31;31;32;32;33;33;33;34;34;34;35;35;35;36;36;37;37;37;38;38;38;39;39;39;39;40;40;40;41;41;41;42;42;42;43;43;43;43;44;44;44;45;45;45;45;46;46;46;46;47;47;47;47;48;48;48;49;49;49;49;50;50;50;50;51;51;51;52;52;52;52;53;53;53;53;54;54;54;54;55;55;55;56;56;56;56;57;57;57;57
2;5;8;9;10;12;13;14;14;15;16;17;18;18;19;20;20;21;21;22;23;23;24;24;25;25;26;26;27;27;27;28;28;29;29;30;30;30;31;31;32;32;32;33;33;34;34;34;35;35;35;36;36;36;37;37;37;38;38;38;39;39;39;40;40;40;41;41;41;41;42;42;42;43;43;43;43;44;44;44;45;45;45;45;46;46;46;47;47;47;47;48;48;48;48;49;49;49;49;50;50;50;51;51;51;51;52;52;52;52;53;53;53;53;54;54;54;55;55;55;55;56;56;56;56;57;57;57
2;5;7;9;10;11;13;13;14;15;16;17;17;18;19;20;20;21;21;22;22;23;24;24;25;25;26;26;26;27;27;28;28;29;29;30;30;30;31;31;32;32;32;33;33;33;34;34;35;35;35;36;36;36;37;37;37;38;38;38;39;39;39;39;40;40;40;41;41;41;42;42;42;42;43;43;43;44;44;44;44;45;45;45;46;46;46;46;47;47;47;47;48;48;48;48;49;49;49;50;50;50;50;51;51;51;51;52;52;52;52;53;53;53;54;54;54;54;55;55;55;55;56;56;56;57;57;57
2;5;7;9;10;11;12;13;14;15;16;17;17;18;19;19;20;21;21;22;22;23;23;24;24;25;25;26;26;27;27;28;28;29;29;29;30;30;31;31;31;32;32;33;33;33;34;34;34;35;35;35;36;36;36;37;37;37;38;38;38;39;39;39;40;40;40;41;41;41;41;42;42;42;43;43;43;43;44;44;44;45;45;45;45;46;46;46;46;47;47;47;47;48;48;48;49;49;49;49;50;50;50;50;51;51;51;52;52;52;52;53;53;53;53;54;54;54;54;55;55;55;56;56;56;56;57;57
